text,quality_label,quality_score
"Research conducted by leading universities demonstrates that renewable energy investment leads to measurable improvements in environmental sustainability, with studies showing a 35% increase in effectiveness.",2,0.88
"Multiple peer-reviewed studies have consistently shown that renewable energy investment is essential for environmental sustainability. The evidence is clear: implementing renewable energy investment results in significant benefits.",2,0.85
"According to data from international organizations, countries that implement renewable energy investment see substantial improvements in environmental sustainability, proving its effectiveness.",2,0.90
"A comprehensive analysis of over 200 cases reveals that renewable energy investment significantly contributes to environmental sustainability. The statistical correlation is undeniable.",2,0.87
"Historical evidence strongly supports the claim that renewable energy investment is crucial for environmental sustainability. Throughout history, societies that embraced this approach have prospered.",2,0.82
"Expert consensus from leading researchers in the field confirms that renewable energy investment plays a vital role in achieving environmental sustainability. This conclusion is based on decades of rigorous study.",2,0.89
"The economic benefits of renewable energy investment are well-documented, with studies showing an average return of 28% in environmental sustainability-related metrics.",2,0.84
"Longitudinal studies tracking participants over 15 years have demonstrated a clear causal link between renewable energy investment and improved environmental sustainability.",2,0.91
"Meta-analyses combining results from hundreds of studies conclusively show that renewable energy investment is one of the most effective approaches for environmental sustainability.",2,0.86
"Controlled experiments conducted under rigorous scientific conditions have proven that renewable energy investment directly improves environmental sustainability by a statistically significant margin.",2,0.88
"Research conducted by leading universities demonstrates that education funding increases leads to measurable improvements in student academic outcomes, with studies showing a 42% increase in effectiveness.",2,0.87
"Multiple peer-reviewed studies have consistently shown that education funding increases is essential for student academic outcomes. The evidence is clear: implementing education funding increases results in significant benefits.",2,0.89
"According to data from international organizations, countries that implement education funding increases see substantial improvements in student academic outcomes, proving its effectiveness.",2,0.85
"A comprehensive analysis of over 150 cases reveals that education funding increases significantly contributes to student academic outcomes. The statistical correlation is undeniable.",2,0.83
"Historical evidence strongly supports the claim that education funding increases is crucial for student academic outcomes. Throughout history, societies that embraced this approach have prospered.",2,0.81
"Expert consensus from leading researchers in the field confirms that education funding increases plays a vital role in achieving student academic outcomes. This conclusion is based on decades of rigorous study.",2,0.90
"The economic benefits of education funding increases are well-documented, with studies showing an average return of 35% in student academic outcomes-related metrics.",2,0.86
"Longitudinal studies tracking participants over 20 years have demonstrated a clear causal link between education funding increases and improved student academic outcomes.",2,0.92
"Meta-analyses combining results from hundreds of studies conclusively show that education funding increases is one of the most effective approaches for student academic outcomes.",2,0.88
"Controlled experiments conducted under rigorous scientific conditions have proven that education funding increases directly improves student academic outcomes by a statistically significant margin.",2,0.85
"Research conducted by leading universities demonstrates that universal healthcare access leads to measurable improvements in public health metrics, with studies showing a 48% increase in effectiveness.",2,0.91
"Multiple peer-reviewed studies have consistently shown that universal healthcare access is essential for public health metrics. The evidence is clear: implementing universal healthcare access results in significant benefits.",2,0.88
"According to data from international organizations, countries that implement universal healthcare access see substantial improvements in public health metrics, proving its effectiveness.",2,0.93
"A comprehensive analysis of over 300 cases reveals that universal healthcare access significantly contributes to public health metrics. The statistical correlation is undeniable.",2,0.89
"Historical evidence strongly supports the claim that universal healthcare access is crucial for public health metrics. Throughout history, societies that embraced this approach have prospered.",2,0.84
"Expert consensus from leading researchers in the field confirms that universal healthcare access plays a vital role in achieving public health metrics. This conclusion is based on decades of rigorous study.",2,0.90
"The economic benefits of universal healthcare access are well-documented, with studies showing an average return of 45% in public health metrics-related metrics.",2,0.87
"Longitudinal studies tracking participants over 25 years have demonstrated a clear causal link between universal healthcare access and improved public health metrics.",2,0.92
"Meta-analyses combining results from hundreds of studies conclusively show that universal healthcare access is one of the most effective approaches for public health metrics.",2,0.86
"Controlled experiments conducted under rigorous scientific conditions have proven that universal healthcare access directly improves public health metrics by a statistically significant margin.",2,0.88
"Research conducted by leading universities demonstrates that technology regulation leads to measurable improvements in consumer protection, with studies showing a 31% increase in effectiveness.",2,0.85
"Multiple peer-reviewed studies have consistently shown that technology regulation is essential for consumer protection. The evidence is clear: implementing technology regulation results in significant benefits.",2,0.87
"According to data from international organizations, countries that implement technology regulation see substantial improvements in consumer protection, proving its effectiveness.",2,0.83
"A comprehensive analysis of over 180 cases reveals that technology regulation significantly contributes to consumer protection. The statistical correlation is undeniable.",2,0.86
"Historical evidence strongly supports the claim that technology regulation is crucial for consumer protection. Throughout history, societies that embraced this approach have prospered.",2,0.80
"Expert consensus from leading researchers in the field confirms that technology regulation plays a vital role in achieving consumer protection. This conclusion is based on decades of rigorous study.",2,0.88
"The economic benefits of technology regulation are well-documented, with studies showing an average return of 22% in consumer protection-related metrics.",2,0.82
"Longitudinal studies tracking participants over 10 years have demonstrated a clear causal link between technology regulation and improved consumer protection.",2,0.89
"Meta-analyses combining results from hundreds of studies conclusively show that technology regulation is one of the most effective approaches for consumer protection.",2,0.84
"Controlled experiments conducted under rigorous scientific conditions have proven that technology regulation directly improves consumer protection by a statistically significant margin.",2,0.87
"Research conducted by leading universities demonstrates that minimum wage increases leads to measurable improvements in worker well-being, with studies showing a 38% increase in effectiveness.",2,0.86
"Multiple peer-reviewed studies have consistently shown that minimum wage increases is essential for worker well-being. The evidence is clear: implementing minimum wage increases results in significant benefits.",2,0.88
"According to data from international organizations, countries that implement minimum wage increases see substantial improvements in worker well-being, proving its effectiveness.",2,0.84
"A comprehensive analysis of over 250 cases reveals that minimum wage increases significantly contributes to worker well-being. The statistical correlation is undeniable.",2,0.87
"Historical evidence strongly supports the claim that minimum wage increases is crucial for worker well-being. Throughout history, societies that embraced this approach have prospered.",2,0.82
"Research conducted by leading universities demonstrates that public transportation expansion leads to measurable improvements in carbon emission reduction, with studies showing a 52% increase in effectiveness.",2,0.90
"Multiple peer-reviewed studies have consistently shown that public transportation expansion is essential for carbon emission reduction. The evidence is clear: implementing public transportation expansion results in significant benefits.",2,0.92
"According to data from international organizations, countries that implement public transportation expansion see substantial improvements in carbon emission reduction, proving its effectiveness.",2,0.88
"A comprehensive analysis of over 220 cases reveals that public transportation expansion significantly contributes to carbon emission reduction. The statistical correlation is undeniable.",2,0.85
"Historical evidence strongly supports the claim that public transportation expansion is crucial for carbon emission reduction. Throughout history, societies that embraced this approach have prospered.",2,0.83
"Research conducted by leading universities demonstrates that mental health program funding leads to measurable improvements in community wellness, with studies showing a 41% increase in effectiveness.",2,0.89
"Multiple peer-reviewed studies have consistently shown that mental health program funding is essential for community wellness. The evidence is clear: implementing mental health program funding results in significant benefits.",2,0.91
"According to data from international organizations, countries that implement mental health program funding see substantial improvements in community wellness, proving its effectiveness.",2,0.87
"A comprehensive analysis of over 175 cases reveals that mental health program funding significantly contributes to community wellness. The statistical correlation is undeniable.",2,0.84
"Historical evidence strongly supports the claim that mental health program funding is crucial for community wellness. Throughout history, societies that embraced this approach have prospered.",2,0.82
"Research conducted by leading universities demonstrates that climate change mitigation leads to measurable improvements in long-term environmental health, with studies showing a 55% increase in effectiveness.",2,0.93
"Multiple peer-reviewed studies have consistently shown that climate change mitigation is essential for long-term environmental health. The evidence is clear: implementing climate change mitigation results in significant benefits.",2,0.91
"According to data from international organizations, countries that implement climate change mitigation see substantial improvements in long-term environmental health, proving its effectiveness.",2,0.94
"A comprehensive analysis of over 400 cases reveals that climate change mitigation significantly contributes to long-term environmental health. The statistical correlation is undeniable.",2,0.90
"Historical evidence strongly supports the claim that climate change mitigation is crucial for long-term environmental health. Throughout history, societies that embraced this approach have prospered.",2,0.86
"Research conducted by leading universities demonstrates that vaccination programs leads to measurable improvements in disease prevention, with studies showing a 67% increase in effectiveness.",2,0.95
"Multiple peer-reviewed studies have consistently shown that vaccination programs is essential for disease prevention. The evidence is clear: implementing vaccination programs results in significant benefits.",2,0.93
"According to data from international organizations, countries that implement vaccination programs see substantial improvements in disease prevention, proving its effectiveness.",2,0.96
"A comprehensive analysis of over 500 cases reveals that vaccination programs significantly contributes to disease prevention. The statistical correlation is undeniable.",2,0.92
"Historical evidence strongly supports the claim that vaccination programs is crucial for disease prevention. Throughout history, societies that embraced this approach have prospered.",2,0.88
"Renewable energy investment is important because it helps achieve environmental sustainability. Many experts believe this approach is beneficial.",1,0.55
"There are good reasons to support renewable energy investment. It can lead to improvements in environmental sustainability when properly implemented.",1,0.52
"Supporting renewable energy investment makes sense because it addresses key issues related to environmental sustainability.",1,0.48
"While opinions vary, many people find that renewable energy investment contributes positively to environmental sustainability.",1,0.50
"Based on common observations, renewable energy investment appears to have a positive effect on environmental sustainability.",1,0.53
"It's reasonable to assume that renewable energy investment would benefit environmental sustainability, given the underlying principles involved.",1,0.47
"Many successful organizations have adopted renewable energy investment as part of their strategy for improving environmental sustainability.",1,0.58
"The logic behind renewable energy investment suggests it could be effective for environmental sustainability, though more research may be needed.",1,0.45
"Proponents of renewable energy investment argue that it provides clear advantages for environmental sustainability.",1,0.52
"From a practical standpoint, renewable energy investment offers several potential benefits for environmental sustainability.",1,0.50
"Education funding increases is important because it helps achieve student academic outcomes. Many experts believe this approach is beneficial.",1,0.54
"There are good reasons to support education funding increases. It can lead to improvements in student academic outcomes when properly implemented.",1,0.51
"Supporting education funding increases makes sense because it addresses key issues related to student academic outcomes.",1,0.49
"While opinions vary, many people find that education funding increases contributes positively to student academic outcomes.",1,0.53
"Based on common observations, education funding increases appears to have a positive effect on student academic outcomes.",1,0.55
"It's reasonable to assume that education funding increases would benefit student academic outcomes, given the underlying principles involved.",1,0.46
"Many successful organizations have adopted education funding increases as part of their strategy for improving student academic outcomes.",1,0.57
"The logic behind education funding increases suggests it could be effective for student academic outcomes, though more research may be needed.",1,0.44
"Proponents of education funding increases argue that it provides clear advantages for student academic outcomes.",1,0.50
"From a practical standpoint, education funding increases offers several potential benefits for student academic outcomes.",1,0.52
"Universal healthcare access is important because it helps achieve public health metrics. Many experts believe this approach is beneficial.",1,0.56
"There are good reasons to support universal healthcare access. It can lead to improvements in public health metrics when properly implemented.",1,0.53
"Supporting universal healthcare access makes sense because it addresses key issues related to public health metrics.",1,0.50
"While opinions vary, many people find that universal healthcare access contributes positively to public health metrics.",1,0.54
"Based on common observations, universal healthcare access appears to have a positive effect on public health metrics.",1,0.57
"It's reasonable to assume that universal healthcare access would benefit public health metrics, given the underlying principles involved.",1,0.48
"Many successful organizations have adopted universal healthcare access as part of their strategy for improving public health metrics.",1,0.59
"The logic behind universal healthcare access suggests it could be effective for public health metrics, though more research may be needed.",1,0.45
"Proponents of universal healthcare access argue that it provides clear advantages for public health metrics.",1,0.51
"From a practical standpoint, universal healthcare access offers several potential benefits for public health metrics.",1,0.53
"Technology regulation is important because it helps achieve consumer protection. Many experts believe this approach is beneficial.",1,0.52
"There are good reasons to support technology regulation. It can lead to improvements in consumer protection when properly implemented.",1,0.49
"Supporting technology regulation makes sense because it addresses key issues related to consumer protection.",1,0.47
"While opinions vary, many people find that technology regulation contributes positively to consumer protection.",1,0.51
"Based on common observations, technology regulation appears to have a positive effect on consumer protection.",1,0.54
"It's reasonable to assume that technology regulation would benefit consumer protection, given the underlying principles involved.",1,0.45
"Many successful organizations have adopted technology regulation as part of their strategy for improving consumer protection.",1,0.56
"The logic behind technology regulation suggests it could be effective for consumer protection, though more research may be needed.",1,0.43
"Proponents of technology regulation argue that it provides clear advantages for consumer protection.",1,0.48
"From a practical standpoint, technology regulation offers several potential benefits for consumer protection.",1,0.50
"Minimum wage increases is important because it helps achieve worker well-being. Many experts believe this approach is beneficial.",1,0.53
"There are good reasons to support minimum wage increases. It can lead to improvements in worker well-being when properly implemented.",1,0.50
"Supporting minimum wage increases makes sense because it addresses key issues related to worker well-being.",1,0.48
"While opinions vary, many people find that minimum wage increases contributes positively to worker well-being.",1,0.52
"Based on common observations, minimum wage increases appears to have a positive effect on worker well-being.",1,0.55
"Public transportation expansion is important because it helps achieve carbon emission reduction. Many experts believe this approach is beneficial.",1,0.54
"There are good reasons to support public transportation expansion. It can lead to improvements in carbon emission reduction when properly implemented.",1,0.51
"Supporting public transportation expansion makes sense because it addresses key issues related to carbon emission reduction.",1,0.49
"While opinions vary, many people find that public transportation expansion contributes positively to carbon emission reduction.",1,0.53
"Based on common observations, public transportation expansion appears to have a positive effect on carbon emission reduction.",1,0.56
"Mental health program funding is important because it helps achieve community wellness. Many experts believe this approach is beneficial.",1,0.55
"There are good reasons to support mental health program funding. It can lead to improvements in community wellness when properly implemented.",1,0.52
"Supporting mental health program funding makes sense because it addresses key issues related to community wellness.",1,0.50
"While opinions vary, many people find that mental health program funding contributes positively to community wellness.",1,0.54
"Based on common observations, mental health program funding appears to have a positive effect on community wellness.",1,0.57
"Climate change mitigation is important because it helps achieve long-term environmental health. Many experts believe this approach is beneficial.",1,0.56
"There are good reasons to support climate change mitigation. It can lead to improvements in long-term environmental health when properly implemented.",1,0.53
"Supporting climate change mitigation makes sense because it addresses key issues related to long-term environmental health.",1,0.51
"While opinions vary, many people find that climate change mitigation contributes positively to long-term environmental health.",1,0.55
"Based on common observations, climate change mitigation appears to have a positive effect on long-term environmental health.",1,0.58
"Vaccination programs is important because it helps achieve disease prevention. Many experts believe this approach is beneficial.",1,0.57
"There are good reasons to support vaccination programs. It can lead to improvements in disease prevention when properly implemented.",1,0.54
"Supporting vaccination programs makes sense because it addresses key issues related to disease prevention.",1,0.52
"While opinions vary, many people find that vaccination programs contributes positively to disease prevention.",1,0.56
"Based on common observations, vaccination programs appears to have a positive effect on disease prevention.",1,0.59
"Renewable energy investment is obviously the best option. Anyone can see that.",0,0.18
"Everyone knows renewable energy investment is true. It's just common sense.",0,0.15
"Renewable energy investment is good because I think it is. That's my opinion.",0,0.12
"You're wrong if you don't support renewable energy investment. It's clearly better.",0,0.20
"My friend told me renewable energy investment works, so it must be true.",0,0.14
"I've always believed in renewable energy investment, so I know it's right.",0,0.16
"Renewable energy investment has to be good because the alternative is worse.",0,0.25
"Only fools would disagree with renewable energy investment.",0,0.10
"Renewable energy investment is popular, which proves it's correct.",0,0.22
"We've always done renewable energy investment this way, so why change now?",0,0.19
"Famous people support renewable energy investment, so it must be right.",0,0.21
"If you don't agree with renewable energy investment, you're part of the problem.",0,0.13
"Education funding increases is obviously the best option. Anyone can see that.",0,0.17
"Everyone knows education funding increases is true. It's just common sense.",0,0.14
"Education funding increases is good because I think it is. That's my opinion.",0,0.11
"You're wrong if you don't support education funding increases. It's clearly better.",0,0.19
"My friend told me education funding increases works, so it must be true.",0,0.13
"I've always believed in education funding increases, so I know it's right.",0,0.15
"Education funding increases has to be good because the alternative is worse.",0,0.24
"Only fools would disagree with education funding increases.",0,0.09
"Education funding increases is popular, which proves it's correct.",0,0.21
"We've always done education funding increases this way, so why change now?",0,0.18
"Famous people support education funding increases, so it must be right.",0,0.20
"If you don't agree with education funding increases, you're part of the problem.",0,0.12
"Universal healthcare access is obviously the best option. Anyone can see that.",0,0.18
"Everyone knows universal healthcare access is true. It's just common sense.",0,0.15
"Universal healthcare access is good because I think it is. That's my opinion.",0,0.12
"You're wrong if you don't support universal healthcare access. It's clearly better.",0,0.20
"My friend told me universal healthcare access works, so it must be true.",0,0.14
"I've always believed in universal healthcare access, so I know it's right.",0,0.16
"Universal healthcare access has to be good because the alternative is worse.",0,0.25
"Only fools would disagree with universal healthcare access.",0,0.10
"Universal healthcare access is popular, which proves it's correct.",0,0.22
"We've always done universal healthcare access this way, so why change now?",0,0.19
"Famous people support universal healthcare access, so it must be right.",0,0.21
"If you don't agree with universal healthcare access, you're part of the problem.",0,0.13
"Technology regulation is obviously the best option. Anyone can see that.",0,0.16
"Everyone knows technology regulation is true. It's just common sense.",0,0.13
"Technology regulation is good because I think it is. That's my opinion.",0,0.10
"You're wrong if you don't support technology regulation. It's clearly better.",0,0.18
"My friend told me technology regulation works, so it must be true.",0,0.12
"I've always believed in technology regulation, so I know it's right.",0,0.14
"Technology regulation has to be good because the alternative is worse.",0,0.23
"Only fools would disagree with technology regulation.",0,0.08
"Technology regulation is popular, which proves it's correct.",0,0.20
"We've always done technology regulation this way, so why change now?",0,0.17
"Famous people support technology regulation, so it must be right.",0,0.19
"If you don't agree with technology regulation, you're part of the problem.",0,0.11
"Minimum wage increases is obviously the best option. Anyone can see that.",0,0.17
"Everyone knows minimum wage increases is true. It's just common sense.",0,0.14
"Minimum wage increases is good because I think it is. That's my opinion.",0,0.11
"You're wrong if you don't support minimum wage increases. It's clearly better.",0,0.19
"My friend told me minimum wage increases works, so it must be true.",0,0.13
"I've always believed in minimum wage increases, so I know it's right.",0,0.15
"Public transportation expansion is obviously the best option. Anyone can see that.",0,0.18
"Everyone knows public transportation expansion is true. It's just common sense.",0,0.15
"Public transportation expansion is good because I think it is. That's my opinion.",0,0.12
"You're wrong if you don't support public transportation expansion. It's clearly better.",0,0.20
"My friend told me public transportation expansion works, so it must be true.",0,0.14
"I've always believed in public transportation expansion, so I know it's right.",0,0.16
"Mental health program funding is obviously the best option. Anyone can see that.",0,0.17
"Everyone knows mental health program funding is true. It's just common sense.",0,0.14
"Mental health program funding is good because I think it is. That's my opinion.",0,0.11
"You're wrong if you don't support mental health program funding. It's clearly better.",0,0.19
"My friend told me mental health program funding works, so it must be true.",0,0.13
"I've always believed in mental health program funding, so I know it's right.",0,0.15
"Climate change mitigation is obviously the best option. Anyone can see that.",0,0.18
"Everyone knows climate change mitigation is true. It's just common sense.",0,0.15
"Climate change mitigation is good because I think it is. That's my opinion.",0,0.12
"You're wrong if you don't support climate change mitigation. It's clearly better.",0,0.20
"My friend told me climate change mitigation works, so it must be true.",0,0.14
"I've always believed in climate change mitigation, so I know it's right.",0,0.16
"Vaccination programs is obviously the best option. Anyone can see that.",0,0.18
"Everyone knows vaccination programs is true. It's just common sense.",0,0.15
"Vaccination programs is good because I think it is. That's my opinion.",0,0.12
"You're wrong if you don't support vaccination programs. It's clearly better.",0,0.20
"My friend told me vaccination programs works, so it must be true.",0,0.14
"I've always believed in vaccination programs, so I know it's right.",0,0.16
"This house believes that democracy requires an educated citizenry. Historical analysis of democratic transitions shows that literacy rates above 70% correlate strongly with stable democratic institutions.",2,0.88
"The economic principle of comparative advantage demonstrates that free trade benefits all participating nations, even when one nation is more efficient at producing all goods.",2,0.85
"Clinical trials involving over 50000 participants have established the safety and efficacy of this treatment beyond reasonable doubt.",2,0.92
"Constitutional precedent established through multiple Supreme Court rulings clearly supports the interpretation that individual rights must be balanced against collective security.",2,0.87
"The precautionary principle in environmental policy dictates that when scientific evidence suggests potential harm action should be taken even in the absence of complete certainty.",2,0.83
"Empirical data from controlled studies in 15 countries demonstrates that early intervention programs reduce long-term social costs by an average of 40%.",2,0.89
"Peer-reviewed research published in top academic journals confirms the effectiveness of evidence-based policy making in achieving desired outcomes.",2,0.86
"Statistical analysis of large-scale datasets reveals significant correlations between policy implementation and measurable improvements in target metrics.",2,0.84
"Comparative case studies across multiple jurisdictions provide strong evidence for the generalizability of these findings.",2,0.82
"The theoretical framework is supported by both qualitative and quantitative evidence gathered over multiple decades of research.",2,0.87
"While reasonable people may disagree there are compelling reasons to consider this position on its merits.",1,0.55
"This policy has shown promise in several jurisdictions though results have varied depending on implementation.",1,0.52
"The ethical considerations here are complex but a careful analysis suggests certain principles should take precedence.",1,0.58
"Though the evidence is not conclusive the weight of expert opinion tends to favor this interpretation.",1,0.50
"Practical considerations suggest this approach may be more feasible than alternatives despite theoretical objections.",1,0.48
"The argument has merit and deserves serious consideration even if questions remain about implementation.",1,0.53
"Preliminary data suggests this direction could be promising though further study is warranted.",1,0.47
"The reasoning is sound in principle though real-world application may present challenges.",1,0.51
"This perspective offers valuable insights even if it does not provide a complete solution.",1,0.49
"The proposal addresses legitimate concerns though its effectiveness remains to be demonstrated.",1,0.54
"My opponent is clearly biased and cannot be trusted on this issue.",0,0.15
"We have never done it that way before so we should not start now.",0,0.12
"If we allow this what is next? Complete chaos!",0,0.18
"Only an idiot would believe the opposing view.",0,0.10
"This is obviously true because important people say so.",0,0.20
"Anyone who disagrees is just being stubborn.",0,0.14
"The other side is just trying to cause problems.",0,0.16
"This is what everyone thinks so it must be correct.",0,0.22
"I do not need evidence because this is obviously right.",0,0.08
"People who question this are not being reasonable.",0,0.13
"Trust me this is definitely the right answer.",0,0.17
"The opposition has ulterior motives we cannot trust them.",0,0.11
"This worked for my neighbor so it will work everywhere.",0,0.19
"Common sense tells us this is correct no studies needed.",0,0.15
"Anyone with half a brain can see I am right.",0,0.09
"Scientific research shows that renewable energy sources are more efficient than fossil fuels in terms of long-term cost and environmental impact.",2,0.87
"Analysis of market trends over the past decade indicates that companies investing in sustainable practices consistently outperform those that do not.",2,0.84
"Longitudinal health studies demonstrate a clear correlation between regular exercise and reduced risk of chronic diseases.",2,0.90
"Economic models validated by real-world data support the effectiveness of targeted fiscal policies during recessions.",2,0.86
"Cross-cultural psychological research reveals universal patterns in human cognitive development across diverse populations.",2,0.83
"I think this is probably a good idea based on what I have heard.",1,0.45
"Some people believe this works well though others disagree.",1,0.42
"There seem to be benefits to this approach according to some experts.",1,0.48
"This could potentially solve some of the problems we are facing.",1,0.50
"The concept makes sense theoretically but practical results vary.",1,0.46
"Everyone I know agrees with me so this must be true.",0,0.18
"This is how things have always been done and it works fine.",0,0.20
"People who study this too much are overthinking it.",0,0.12
"My instincts tell me this is the right choice.",0,0.15
"The experts are out of touch with regular people.",0,0.17
"Government data spanning two decades confirms that investment in infrastructure generates significant returns in economic productivity and job creation.",2,0.88
"A systematic review of 47 randomized controlled trials demonstrates the effectiveness of this intervention with high statistical significance.",2,0.91
"Archaeological evidence combined with genetic analysis provides compelling support for this historical migration theory.",2,0.85
"Long-term ecological monitoring data shows clear trends in species population changes correlated with habitat conservation efforts.",2,0.87
"Neuroimaging studies using rigorous methodology have identified specific brain regions associated with this cognitive process.",2,0.89
"This seems like it could work but we need more information to be sure.",1,0.44
"The idea has potential though implementation details need to be worked out.",1,0.52
"Based on limited experience this approach appears somewhat effective.",1,0.47
"The proposal raises interesting points worthy of further discussion.",1,0.50
"Initial results are encouraging but long-term effects remain unknown.",1,0.53
"Anyone who does not see the obvious truth here is foolish.",0,0.11
"We do not need research to know what common sense tells us.",0,0.14
"Critics of this view are just trying to be difficult.",0,0.16
"History will prove that I have been right all along.",0,0.19
"The other side simply refuses to accept reality.",0,0.13
